Case_no,checking_status,credit_history,purpose,credit_amount,saving_status,employment,personal_status,age,job,class
1,1,5,4,1169,0,4,3,67,3,1
2,2,3,4,5951,1,2,2,22,3,0
3,0,5,7,2096,1,3,3,49,2,1
4,1,3,3,7882,1,3,3,45,3,1
5,1,4,1,4870,1,2,3,53,3,0
6,0,3,7,9055,0,2,3,35,2,1
7,0,3,3,2835,3,4,3,53,3,1
8,2,3,2,6948,1,2,3,35,4,1
9,0,3,4,3059,4,3,1,61,2,1
10,2,5,1,5234,1,0,4,28,4,0
11,2,3,1,1295,1,1,2,25,3,0
12,1,3,10,4308,1,1,2,24,3,0
13,2,3,4,1567,1,2,2,22,3,1
14,1,5,1,1199,1,4,3,60,2,0
15,1,3,1,1403,1,2,2,28,3,1
16,1,3,4,1282,2,2,2,32,2,0
17,0,5,4,2424,0,4,3,53,3,1
18,1,1,10,8072,0,1,3,25,3,1
19,2,3,2,12579,1,4,2,44,4,0
20,0,3,4,3430,3,4,3,31,3,1
21,0,5,1,2134,1,2,3,48,3,1
22,1,3,4,2647,3,2,3,44,3,1
23,1,5,1,2241,1,1,3,48,2,1
24,2,5,2,1804,2,1,3,44,3,1
25,0,5,3,2069,0,2,4,26,3,1
26,1,3,3,1374,1,2,3,36,2,1
27,0,1,4,426,1,4,4,39,2,1
28,3,2,4,409,4,2,2,42,3,1
29,2,3,4,2415,1,2,3,34,3,1
30,1,4,10,6836,1,4,3,63,3,0
31,2,3,10,1913,4,1,4,36,3,1
32,1,3,3,4020,1,2,3,27,3,1
33,2,3,1,5866,2,2,3,30,3,1
34,0,5,10,1264,0,4,3,57,2,1
35,3,3,3,1474,1,1,2,33,4,1
36,2,5,4,4746,1,1,3,25,2,0
37,0,5,7,6110,1,2,3,31,3,1
38,3,3,4,2100,1,2,3,37,3,0
39,3,3,5,1225,1,2,3,37,3,1
40,2,3,4,458,1,2,3,24,3,1
41,0,3,4,2333,3,4,3,30,4,1
42,2,3,4,1158,3,2,1,26,3,1
43,2,4,6,6204,1,2,3,44,2,1
44,1,5,2,6187,2,3,4,31,3,1
45,1,5,2,6143,1,4,2,58,2,0
46,0,5,1,1393,1,1,2,35,4,1
47,0,3,4,2299,3,4,3,39,3,1
48,1,3,2,1352,3,0,2,23,1,1
49,0,5,1,7228,1,2,3,39,2,1
50,0,3,4,2073,2,2,2,28,3,1
51,2,4,3,2333,0,1,3,29,2,1
52,2,4,2,5965,1,4,3,30,4,1
53,0,3,4,1262,1,2,3,25,3,1
54,0,3,2,3378,0,2,3,31,3,1
55,2,4,1,2225,1,4,3,57,3,0
56,0,2,1,783,0,2,3,26,2,1
57,2,3,4,6468,0,0,3,52,4,0
58,0,5,4,9566,1,2,2,31,3,1
59,3,3,1,1961,1,4,2,23,4,1
60,1,5,3,6229,1,1,2,23,2,0
61,2,3,10,1391,1,2,4,27,3,1
62,2,5,4,1537,0,4,3,50,3,1
63,2,1,10,1953,1,4,3,61,4,0
64,2,1,10,14421,1,2,3,25,3,0
65,0,3,4,3181,1,1,2,26,3,1
66,0,3,6,5190,0,4,3,48,3,1
67,0,3,4,2171,1,1,2,29,3,1
68,2,3,1,1007,4,2,4,22,3,1
69,0,3,7,1819,1,2,3,37,3,0
70,0,3,4,2394,0,2,2,25,3,1
71,0,3,2,8133,1,2,2,30,3,1
72,0,5,4,730,0,4,3,46,2,1
73,1,5,0,1164,1,4,3,51,4,1
74,2,5,10,5954,1,3,2,41,2,1
75,1,3,7,1977,0,4,3,40,4,0
76,1,5,2,1526,1,4,3,66,4,1
77,1,3,4,3965,1,1,3,34,3,0
78,2,4,4,4771,1,3,3,51,3,1
79,0,1,2,9436,0,2,3,39,2,1
80,2,3,3,3832,1,1,4,22,3,1
81,0,3,4,5943,0,1,2,44,3,0
82,0,3,4,1213,3,4,3,47,3,1
83,0,3,10,1568,2,2,2,24,2,1
84,1,3,0,1755,1,4,2,58,2,1
85,1,3,4,2315,1,4,3,52,2,1
86,0,5,10,1412,1,2,2,29,4,1
87,2,5,3,1295,1,1,2,27,3,1
88,2,3,7,12612,2,2,3,47,3,0
89,1,3,1,2249,2,3,3,30,4,1
90,1,1,6,1108,1,3,3,28,3,0
91,0,5,4,618,1,4,3,56,3,1
92,1,5,2,1409,1,4,3,54,3,1
93,0,5,4,797,0,4,2,33,2,0
94,3,5,3,3617,0,4,3,20,3,1
95,2,3,1,1318,4,4,3,54,3,1
96,2,1,10,15945,1,1,3,58,3,0
97,0,5,7,2012,0,3,2,61,3,1
98,2,3,10,2622,2,2,3,34,3,1
99,2,5,4,2337,1,4,3,36,3,1
100,2,4,2,7057,0,3,3,36,4,1
101,0,3,1,1469,2,4,4,41,2,1
102,2,3,4,2323,1,3,3,24,3,1
103,0,4,4,932,1,2,2,24,3,1
104,2,5,3,1919,1,3,3,35,3,1
105,0,3,2,2445,0,1,4,26,3,1
106,2,5,0,11938,1,2,3,39,4,0
107,0,2,1,6458,1,4,3,39,4,0
108,2,3,1,6078,1,3,3,32,3,1
109,1,3,3,7721,0,1,2,30,3,1
110,2,3,10,1410,3,4,4,35,3,1
111,2,4,10,1449,2,4,1,31,3,1
112,3,3,7,392,1,1,2,23,3,1
113,2,3,1,6260,1,3,3,28,2,1
114,0,5,1,7855,1,2,2,25,3,0
115,1,3,4,1680,3,4,4,35,3,1
116,0,5,4,3578,0,4,3,47,3,1
117,1,3,4,7174,0,3,2,30,4,0
118,1,5,3,2132,0,1,2,27,3,1
119,1,5,3,4281,3,2,2,23,3,0
120,2,5,1,2366,3,3,1,36,4,1
121,1,3,4,1835,1,2,2,25,3,0
122,0,5,2,3868,1,4,2,41,4,1
123,0,3,3,1768,1,2,3,24,2,1
124,3,5,1,781,1,4,3,63,3,1
125,2,3,3,1924,0,1,2,27,3,0
126,1,5,1,2121,1,2,3,30,3,1
127,1,3,4,701,1,2,4,40,2,1
128,2,3,6,639,1,2,3,30,3,0
129,2,5,2,1860,1,0,3,34,4,1
130,1,5,1,3499,1,2,2,29,3,0
131,2,3,1,8487,0,3,2,24,3,1
132,1,4,7,6887,1,2,3,29,3,0
133,0,3,3,2708,1,1,3,27,2,1
134,0,3,3,1984,1,2,3,47,3,1
135,0,3,4,10144,2,3,2,21,3,1
136,0,5,4,1240,0,4,2,38,3,1
137,0,4,2,8613,4,2,3,27,3,1
138,2,3,4,766,3,2,3,66,2,0
139,2,5,4,2728,0,3,3,35,3,1
140,3,3,4,1881,1,2,2,44,2,1
141,3,3,1,709,4,1,4,27,1,1
142,2,3,4,4795,1,1,2,30,4,1
143,1,3,4,3416,1,2,3,27,4,1
144,1,3,3,2462,1,2,3,22,3,0
145,0,5,3,2288,1,1,2,23,3,1
146,2,2,10,3566,2,3,3,30,3,1
147,1,5,1,860,1,4,2,39,3,1
148,0,5,1,682,2,3,2,51,3,1
149,1,5,3,5371,1,2,3,28,3,1
150,0,5,4,1582,4,4,3,46,3,1
151,0,3,4,1346,2,4,3,42,3,1
152,0,3,4,1924,1,2,3,38,3,1
153,3,3,4,5848,1,2,3,24,3,1
154,2,5,2,7758,4,4,2,29,3,1
155,2,4,10,6967,2,3,3,36,4,1
156,1,3,3,1282,1,2,2,20,3,0
157,1,5,6,1288,2,4,3,48,3,1
158,1,2,9,339,1,4,4,45,2,1
159,2,3,1,3512,2,3,3,38,3,1
160,0,5,4,1898,0,2,3,34,2,1
161,0,5,4,2872,2,4,3,36,3,1
162,0,5,1,1055,1,1,2,30,3,1
163,0,3,5,1262,3,3,3,36,3,1
164,2,3,1,7308,1,0,3,70,4,1
165,0,3,1,909,3,4,3,36,3,1
166,0,3,3,2978,3,2,3,32,3,1
167,1,3,3,1131,1,0,2,33,3,0
168,2,3,3,1577,4,1,2,20,3,1
169,0,3,3,3972,1,3,2,25,3,1
170,2,5,10,1935,1,4,1,31,3,0
171,1,1,1,950,1,4,3,33,3,0
172,0,3,3,763,1,2,2,26,3,1
173,2,4,3,2064,1,0,2,34,4,0
174,2,3,4,1414,1,2,3,33,3,1
175,1,4,7,3414,1,1,3,26,3,0
176,0,2,2,7485,0,0,2,53,4,0
177,1,3,3,2577,1,2,1,42,3,1
178,1,5,4,338,3,4,3,52,3,1
179,0,3,4,1963,1,3,3,31,4,1
180,1,5,1,571,1,4,3,65,3,1
181,0,4,10,9572,1,1,1,28,3,0
182,2,4,10,4455,1,2,1,30,4,0
183,1,2,1,1647,0,2,3,40,2,0
184,0,5,3,3777,4,2,3,50,3,1
185,2,5,1,884,1,4,3,36,3,0
186,0,5,4,1360,1,2,3,31,3,1
187,2,2,2,5129,1,4,2,74,4,0
188,2,5,1,1175,1,0,3,68,1,1
189,1,3,4,674,2,3,4,20,3,0
190,2,1,3,3244,1,2,2,33,3,1
191,0,3,10,4591,4,2,3,54,4,0
192,2,1,10,3844,2,3,3,34,2,0
193,2,3,10,3915,1,2,3,36,3,0
194,0,3,4,2108,1,3,4,29,3,1
195,2,3,4,3031,2,2,3,21,3,0
196,2,5,7,1501,1,4,2,34,4,0
197,0,5,4,1382,1,2,2,28,3,1
198,2,3,3,951,2,1,2,27,3,0
199,2,3,2,2760,0,4,3,36,3,1
200,2,4,3,4297,1,4,1,40,4,0
201,0,5,7,936,3,4,3,52,3,1
202,1,3,1,1168,1,2,4,27,2,1
203,0,4,10,5117,1,3,3,26,3,1
204,1,3,9,902,1,3,4,21,3,0
205,0,5,1,1495,1,4,3,38,2,1
206,1,5,2,10623,1,4,3,38,4,1
207,0,5,3,1935,1,4,3,43,3,1
208,2,5,5,1424,1,3,3,26,3,1
209,1,3,10,6568,1,2,4,21,2,1
210,0,3,2,1413,4,3,3,55,3,1
211,0,5,4,3074,0,2,3,33,3,1
212,0,3,4,3835,0,4,2,45,2,1
213,1,1,10,5293,1,0,3,50,3,0
214,3,4,10,1908,1,4,3,66,4,0
215,0,5,4,3342,0,4,3,51,3,1
216,2,5,9,932,0,3,2,39,2,1
217,1,1,10,3104,1,3,3,31,3,1
218,3,3,4,3913,1,2,3,23,3,1
219,1,3,3,3021,1,2,1,24,2,1
220,0,3,1,1364,1,2,2,64,3,1
221,2,3,4,625,1,1,4,26,2,1
222,1,3,7,1200,0,2,2,23,3,1
223,0,3,4,707,1,2,3,30,3,1
224,0,4,10,2978,0,2,3,32,3,1
225,0,3,2,4657,1,2,3,30,3,1
226,0,1,6,2613,1,2,3,27,3,1
227,2,3,4,10961,4,3,3,27,3,0
228,1,3,3,7865,1,4,3,53,4,0
229,0,3,4,1478,1,3,3,22,3,0
230,1,3,3,3149,1,1,3,22,3,1
231,3,3,4,4210,1,2,3,26,3,0
232,0,3,1,2507,3,4,3,51,2,1
233,0,3,4,2141,2,3,3,35,3,1
234,2,3,4,866,1,2,4,25,2,1
235,0,5,4,1544,1,3,3,42,2,1
236,1,3,4,1823,1,0,3,30,4,0
237,2,3,1,14555,0,0,3,23,1,0
238,2,3,10,2767,2,4,1,61,2,0
239,0,5,4,1291,1,2,2,35,3,1
240,1,3,4,2522,1,4,3,39,3,1
241,1,3,1,915,0,4,2,29,3,0
242,0,3,4,1595,1,3,3,51,3,1
243,1,1,2,4605,1,4,3,24,3,0
244,0,5,10,1185,1,2,2,27,3,1
245,0,2,9,3447,3,2,2,35,2,1
246,0,3,10,1258,1,3,3,25,3,1
247,0,5,4,717,1,4,3,52,3,1
248,0,1,1,1204,2,2,3,35,3,1
249,3,3,3,1925,1,2,3,26,3,1
250,0,3,4,433,1,0,2,22,3,0
251,1,5,1,666,4,3,2,39,2,1
252,3,3,3,2251,1,2,2,46,2,1
253,2,3,1,2150,1,2,2,24,3,0
254,0,4,3,4151,2,2,3,35,3,1
255,2,3,3,2030,0,3,3,24,3,1
256,2,4,4,7418,0,2,3,27,2,1
257,0,5,4,2684,1,2,3,35,2,1
258,1,2,4,2149,1,2,1,29,3,0
259,0,3,2,3812,2,1,2,23,3,1
260,0,5,4,1154,2,0,2,57,2,1
261,1,3,3,1657,1,2,3,27,3,1
262,1,3,4,1603,1,4,2,55,3,1
263,1,5,1,5302,1,4,3,36,4,1
264,0,5,7,2748,1,4,2,57,2,1
265,0,5,1,1231,1,4,3,32,2,1
266,2,3,4,802,1,4,3,37,3,0
267,0,5,10,6304,0,4,3,36,3,1
268,0,3,4,1533,1,1,2,38,3,1
269,1,3,1,8978,1,4,1,45,4,0
270,0,3,4,999,0,4,3,25,3,1
271,0,3,1,2662,0,3,3,32,3,1
272,0,5,3,1402,3,3,2,37,3,1
273,2,2,1,12169,0,0,3,36,4,1
274,2,3,4,3060,1,3,3,28,3,0
275,1,3,6,11998,1,1,1,34,2,0
276,0,3,4,2697,1,2,3,32,3,1
277,0,5,4,2404,1,2,2,26,3,1
278,1,3,3,1262,0,4,1,49,2,1
279,0,3,3,4611,1,1,2,32,3,0
280,0,3,4,1901,2,2,3,29,4,1
281,0,5,2,3368,4,4,3,23,3,1
282,0,3,3,1574,1,2,3,50,3,1
283,3,2,4,1445,0,3,3,49,2,1
284,0,5,3,1520,0,4,3,63,3,1
285,2,5,1,3878,2,1,1,37,3,1
286,1,3,1,10722,1,1,2,35,2,1
287,1,3,2,4788,1,3,3,26,3,1
288,2,4,0,7582,2,0,3,31,4,1
289,2,3,4,1092,1,2,2,49,3,1
290,1,4,4,1024,1,1,4,48,3,0
291,0,3,10,1076,1,2,4,26,3,1
292,2,3,2,9398,1,1,4,28,4,0
293,1,5,2,6419,1,4,2,44,4,1
294,3,5,2,4796,1,4,3,56,3,1
295,0,5,10,7629,0,4,1,46,4,1
296,2,3,3,9960,1,1,2,26,3,0
297,0,3,2,4675,0,1,2,20,3,1
298,0,3,1,1287,0,4,3,45,2,1
299,0,3,3,2515,1,2,3,43,3,1
300,2,5,3,2745,4,3,3,32,3,1
301,0,3,1,672,1,0,2,54,1,1
302,2,1,4,3804,1,2,2,42,3,0
303,3,5,1,1344,0,3,3,37,2,0
304,1,5,1,1038,1,3,3,49,3,1
305,0,5,1,10127,3,2,3,44,3,0
306,0,3,3,1543,4,2,1,33,3,1
307,0,3,2,4811,0,3,2,24,2,1
308,1,3,4,727,2,1,4,33,2,0
309,2,3,3,1237,1,2,2,24,3,0
310,2,3,1,276,1,2,4,22,2,1
311,2,3,0,5381,0,0,3,40,1,1
312,0,3,3,5511,2,2,3,25,3,1
313,3,3,3,3749,1,1,2,26,3,1
314,2,3,1,685,1,3,4,25,2,0
315,3,3,1,1494,0,1,3,29,2,1
316,1,2,3,2746,1,4,3,31,3,0
317,1,3,3,708,1,2,3,38,2,1
318,2,3,3,4351,0,2,2,48,2,1
319,0,5,7,701,1,2,3,32,3,1
320,1,4,3,3643,1,4,2,27,2,1
321,2,5,1,4249,1,0,4,28,4,0
322,1,3,4,1938,1,1,1,32,3,0
323,1,3,2,2910,1,3,3,34,4,1
324,1,3,3,2659,4,2,3,28,3,1
325,0,5,1,1028,1,2,2,36,3,1
326,1,5,1,3398,1,3,3,39,2,1
327,0,5,3,5801,0,4,3,49,3,1
328,0,3,1,1525,4,3,2,34,3,1
329,3,3,4,4473,1,4,3,31,3,1
330,2,3,4,1068,1,4,3,28,3,1
331,1,5,2,6615,1,0,3,75,4,1
332,0,5,7,1864,2,2,2,30,3,0
333,2,3,1,7408,2,1,2,24,4,0
334,0,5,2,11590,2,2,2,24,2,0
335,1,1,3,4110,1,4,3,23,3,0
336,1,5,3,3384,1,2,1,44,4,0
337,2,3,4,2101,1,1,2,23,2,1
338,1,3,5,1275,0,2,2,24,3,0
339,1,3,3,4169,1,2,3,28,3,1
340,2,3,3,1521,1,2,1,31,2,1
341,2,5,7,5743,1,1,2,24,3,1
342,1,3,3,3599,1,3,2,26,2,1
343,2,3,4,3213,3,1,4,25,3,1
344,2,3,10,4439,1,4,3,33,4,1
345,3,3,1,3949,1,1,3,37,2,1
346,0,5,4,1459,1,2,2,43,2,1
347,2,5,4,882,1,1,3,23,3,1
348,2,3,4,3758,3,0,2,23,1,1
349,0,4,10,1743,2,2,3,34,2,1
350,2,5,7,1136,4,4,3,32,3,0
351,0,3,5,1236,1,1,2,23,3,1
352,2,3,3,959,1,2,2,29,3,0
353,0,5,2,3229,0,0,3,38,4,1
354,1,1,4,6199,1,2,3,28,3,0
355,0,3,7,727,3,4,3,46,3,1
356,2,3,1,1246,1,1,3,23,2,0
357,0,5,4,2331,0,4,3,49,3,1
358,0,4,4,4463,1,2,3,26,4,0
359,0,3,4,776,1,2,4,28,3,1
360,1,3,3,2406,1,3,2,23,3,0
361,2,3,7,1239,0,2,3,61,3,1
362,3,3,4,3399,0,4,3,37,4,1
363,3,4,1,2247,1,2,2,36,3,1
364,0,3,3,1766,1,2,4,21,3,1
365,1,3,3,2473,1,0,3,25,1,0
366,0,3,10,1542,1,3,3,36,3,1
367,0,5,2,3850,1,3,3,27,3,1
368,1,3,3,3650,1,1,2,22,3,1
369,1,3,3,3446,1,4,3,42,3,0
370,2,3,3,3001,1,3,2,40,3,1
371,0,3,1,3079,0,2,3,36,3,1
372,0,5,4,6070,1,4,3,33,3,1
373,0,5,3,2146,1,1,2,23,3,1
374,0,5,1,13756,0,4,3,63,4,1
375,2,2,0,14782,2,4,2,60,4,0
376,1,2,10,7685,1,3,2,37,3,0
377,0,4,4,2320,1,0,4,34,3,1
378,0,4,4,846,0,4,3,36,3,1
379,2,3,1,14318,1,4,3,57,4,0
380,0,5,1,362,2,2,2,52,2,1
381,1,3,3,2212,0,3,3,39,3,1
382,2,3,2,12976,1,0,2,38,4,0
383,0,3,1,1283,0,3,2,25,3,1
384,3,3,1,1330,1,1,3,26,3,1
385,0,4,10,4272,2,2,3,26,2,1
386,0,5,4,2238,1,2,2,25,3,1
387,0,3,4,1126,0,1,2,21,3,1
388,2,5,3,7374,1,0,3,40,4,1
389,2,5,10,2326,3,2,3,27,3,1
390,0,3,10,1449,1,3,2,27,3,1
391,0,3,1,1820,1,2,4,30,4,1
392,2,3,3,983,4,1,2,19,2,1
393,1,3,1,3249,1,3,3,39,4,1
394,1,5,4,1957,1,3,2,31,3,1
395,0,5,3,2406,1,0,3,31,4,1
396,2,4,7,11760,2,3,3,32,3,1
397,1,3,3,2578,1,0,2,55,4,1
398,1,5,3,2348,1,2,4,46,3,1
399,2,3,1,1223,1,4,1,46,3,0
400,0,5,4,1516,4,2,2,43,2,1
401,0,3,4,1473,1,1,4,39,3,1
402,2,5,10,1887,0,2,4,28,3,1
403,0,4,10,8648,1,1,3,27,3,0
404,0,4,1,802,1,2,3,27,2,1
405,2,4,1,2899,0,4,3,43,3,1
406,2,3,4,2039,1,1,4,22,3,0
407,0,5,2,2197,0,3,3,43,3,1
408,1,3,4,1053,1,1,4,27,3,1
409,0,3,4,3235,3,4,1,26,4,1
410,3,5,1,939,3,3,4,28,3,0
411,2,3,4,1967,1,4,2,20,3,1
412,0,5,2,7253,1,3,3,35,4,1
413,0,5,10,2292,1,0,3,42,4,0
414,0,3,1,1597,3,2,3,40,2,1
415,1,3,1,1381,0,2,2,35,3,0
416,0,5,2,5842,1,4,3,35,3,1
417,1,3,1,2579,1,1,3,33,2,0
418,1,4,7,8471,0,2,2,23,3,1
419,0,3,1,2782,3,3,2,31,4,1
420,2,3,1,1042,0,2,2,33,3,0
421,0,3,1,3186,4,3,2,20,3,1
422,2,3,2,2028,0,2,3,30,3,1
423,2,5,1,958,1,3,3,47,2,1
424,0,4,3,1591,2,3,3,34,4,1
425,2,3,3,2762,0,4,2,25,3,0
426,2,3,2,2779,1,2,4,21,3,1
427,0,5,4,2743,1,4,3,29,3,1
428,0,5,4,1149,4,2,3,46,3,1
429,0,3,3,1313,1,4,3,20,3,1
430,1,5,6,1190,1,0,2,55,1,0
431,0,3,10,3448,1,3,3,74,2,1
432,2,3,0,11328,1,2,3,29,4,0
433,1,5,3,1872,1,0,3,36,4,1
434,0,5,6,2058,1,2,1,33,3,1
435,1,3,3,2136,1,2,3,25,3,1
436,2,3,4,1484,0,2,4,25,3,0
437,0,3,6,660,3,3,4,23,2,1
438,0,5,1,1287,4,4,2,37,3,1
439,1,5,6,3394,1,0,3,65,1,1
440,3,2,10,609,1,1,2,26,1,0
441,0,3,1,1884,1,4,3,39,4,1
442,1,3,3,1620,1,2,2,30,3,1
443,2,4,0,2629,1,2,3,29,3,1
444,0,3,7,719,1,4,3,41,2,0
445,2,5,3,5096,1,2,2,30,4,0
446,0,5,7,1244,0,4,2,41,2,1
447,1,3,1,1842,1,1,2,34,3,0
448,2,3,4,2576,1,2,3,35,3,1
449,3,3,3,1424,0,4,2,55,4,1
450,2,4,6,1512,4,2,4,61,3,0
451,0,5,2,11054,0,2,3,30,4,1
452,0,3,4,518,1,2,2,29,3,1
453,0,1,3,2759,1,4,3,34,3,1
454,0,3,2,2670,1,4,3,35,4,1
455,1,3,1,4817,1,3,3,31,3,0
456,0,3,2,2679,1,1,2,29,4,1
457,1,5,1,3905,1,2,3,36,3,1
458,1,3,2,3386,1,4,3,35,3,0
459,1,3,5,343,1,1,2,27,3,1
460,0,3,4,4594,1,1,3,32,3,1
461,1,3,3,3620,1,2,3,37,3,1
462,1,3,1,1721,1,1,3,36,3,1
463,2,3,3,3017,1,1,2,34,4,1
464,2,3,9,754,0,4,3,38,3,1
465,0,3,10,1950,1,3,3,34,3,1
466,1,3,2,2924,1,2,3,63,3,1
467,1,4,4,1659,1,1,2,29,2,0
468,0,4,4,7238,0,4,3,32,3,1
469,0,4,10,2764,1,2,2,26,3,1
470,0,4,2,4679,1,3,3,35,2,1
471,2,3,4,3092,2,1,4,22,3,0
472,1,3,7,4480,1,1,2,23,3,0
473,1,3,1,654,1,2,3,28,2,0
474,0,3,9,1238,0,0,3,36,4,1
475,2,5,4,1245,1,2,4,33,3,0
476,1,1,3,3114,1,1,2,26,3,0
477,0,3,2,2569,3,2,3,24,3,1
478,3,3,4,5152,1,3,3,25,3,1
479,2,3,10,1037,2,3,3,39,2,1
480,1,5,3,1478,1,4,3,44,3,1
481,2,5,4,3573,1,2,2,23,2,1
482,2,3,1,1201,1,1,3,26,3,1
483,1,3,3,3622,4,4,2,57,3,1
484,0,4,3,960,4,3,2,30,3,1
485,0,5,1,1163,3,2,3,44,3,1
486,2,4,1,1209,1,0,3,47,4,0
487,0,3,4,3077,1,2,3,52,3,1
488,0,3,1,3757,1,4,2,62,3,1
489,0,3,1,1418,2,2,3,35,2,1
490,0,3,1,3518,1,2,3,26,3,1
491,0,5,4,1934,1,4,3,26,3,1
492,2,1,10,8318,1,4,2,42,4,0
493,0,5,4,1237,2,2,2,27,3,1
494,2,3,4,368,0,4,3,38,3,1
495,1,5,1,2122,1,2,3,39,2,1
496,1,3,3,2996,0,2,4,20,3,0
497,2,3,3,9034,2,1,3,29,4,0
498,0,5,3,1585,1,3,3,40,3,1
499,2,3,4,1301,1,4,4,32,2,1
500,3,5,1,1323,2,4,1,28,3,1
501,1,3,1,3123,1,1,2,27,3,0
502,1,3,2,5493,1,4,3,42,3,1
503,3,3,4,1126,2,4,1,49,3,1
504,2,5,4,1216,2,1,3,38,3,0
505,1,3,1,1207,1,1,2,24,3,0
506,0,3,1,1309,0,2,3,27,2,0
507,3,5,2,2360,3,2,3,36,3,1
508,2,2,1,6850,2,0,3,34,4,0
509,0,3,4,1413,1,2,4,28,3,1
510,0,3,2,8588,2,4,3,45,4,1
511,1,3,1,759,1,3,3,26,3,0
512,0,3,2,4686,1,2,3,32,4,1
513,3,3,10,2687,1,3,3,26,3,1
514,2,4,4,585,1,2,4,20,3,1
515,0,3,1,2255,0,1,3,54,3,1
516,1,5,1,609,1,3,2,37,3,1
517,1,5,1,1361,1,1,3,40,2,1
518,0,5,3,7127,1,1,2,23,3,0
519,1,3,1,1203,2,4,3,43,3,1
520,0,5,4,700,0,4,3,36,3,1
521,0,5,6,5507,1,4,3,44,3,1
522,1,3,4,3190,1,2,2,24,3,0
523,1,1,3,7119,1,2,3,53,3,0
524,0,3,2,3488,2,3,2,23,3,1
525,2,3,4,1113,1,2,2,26,2,1
526,2,3,2,7966,1,1,3,30,3,1
527,0,5,7,1532,2,2,2,31,3,1
528,0,5,4,1503,1,3,3,42,2,1
529,1,3,4,2302,1,2,1,31,3,0
530,1,3,1,662,1,1,3,41,2,1
531,2,3,7,2273,1,3,3,32,3,1
532,2,3,1,2631,2,2,2,28,3,0
533,0,4,2,1503,1,2,4,41,3,1
534,0,3,4,1311,2,3,4,26,3,1
535,0,3,4,3105,0,1,3,25,3,1
536,3,5,7,2319,1,1,1,33,3,0
537,1,3,1,1374,0,0,2,75,4,1
538,2,5,3,3612,1,4,2,37,3,1
539,1,3,1,7763,1,4,3,42,4,0
540,3,3,3,3049,1,1,2,45,2,1
541,2,3,4,1534,1,1,4,23,3,0
542,0,4,1,2032,1,4,3,60,3,1
543,1,3,3,6350,0,4,3,31,3,0
544,3,3,3,2864,1,2,3,34,2,0
545,0,5,1,1255,1,4,3,61,2,1
546,1,4,1,1333,1,0,3,43,3,0
547,0,5,1,2022,1,2,2,37,3,1
548,0,3,4,1552,1,3,3,32,3,1
549,1,2,4,626,1,2,2,24,2,0
550,0,5,2,8858,0,3,3,35,3,1
551,0,5,6,996,0,3,2,23,3,1
552,0,2,4,1750,3,4,3,45,2,1
553,1,3,4,6999,1,3,4,34,3,0
554,2,5,1,1995,2,1,3,27,3,1
555,2,3,7,1199,1,3,2,67,4,1
556,2,3,4,1331,1,1,3,22,3,0
557,2,1,1,2278,2,1,2,28,3,0
558,0,1,1,5003,0,2,2,29,3,0
559,1,2,3,3552,1,3,3,27,3,0
560,2,5,3,1928,1,1,3,31,2,0
561,1,3,2,2964,0,4,3,49,3,1
562,1,2,4,1546,1,3,3,24,2,0
563,3,4,4,683,1,1,2,29,3,1
564,2,3,1,12389,0,2,3,37,3,0
565,2,4,10,4712,0,2,3,37,4,1
566,2,4,4,1553,2,3,2,23,3,1
567,1,3,1,1372,1,3,1,36,3,0
568,0,5,4,2578,4,4,3,34,3,1
569,2,3,4,3979,0,3,3,41,3,1
570,1,3,4,6758,1,2,2,31,3,0
571,1,3,3,3234,1,1,2,23,2,0
572,0,5,4,5954,1,3,3,38,3,1
573,0,3,2,5433,0,0,2,26,4,1
574,1,3,10,806,1,2,2,22,2,1
575,2,3,4,1082,1,4,3,27,2,1
576,0,5,3,2788,1,3,2,24,3,1
577,2,3,4,2930,1,3,2,27,3,1
578,0,5,7,1927,0,2,2,33,3,1
579,2,5,1,2820,1,1,1,27,3,0
580,0,3,9,937,1,1,4,27,2,1
581,2,5,1,1056,1,4,3,30,3,0
582,2,5,1,3124,1,1,3,49,2,1
583,0,3,3,1388,1,2,2,26,3,1
584,2,3,6,2384,1,1,3,33,2,0
585,0,3,1,2133,0,4,2,52,4,1
586,1,3,3,2039,1,2,2,20,3,0
587,1,5,1,2799,1,2,3,36,3,1
588,1,3,3,1289,1,2,3,21,2,1
589,1,3,5,1217,1,2,4,47,2,0
590,1,5,3,2246,1,4,3,60,3,0
591,1,5,4,385,1,3,2,58,2,1
592,2,4,1,1965,0,2,2,42,3,1
593,0,3,10,1572,4,4,2,36,2,1
594,2,3,1,2718,1,2,2,20,2,0
595,1,2,0,1358,0,4,3,40,4,0
596,2,2,1,931,2,1,2,32,2,0
597,1,3,1,1442,1,3,2,23,3,0
598,2,1,10,4241,1,2,3,36,2,0
599,0,5,1,2775,1,3,3,31,3,0
600,0,4,10,3863,1,2,3,32,3,1
601,2,3,4,2329,1,1,2,45,3,1
602,2,3,3,918,1,2,2,30,3,0
603,2,2,7,1837,1,3,2,34,2,0
604,0,3,3,3349,1,2,2,28,4,0
605,3,3,3,1275,1,1,2,23,3,1
606,1,2,3,2828,3,2,3,22,3,1
607,0,5,10,4526,1,2,3,74,4,1
608,2,3,4,2671,2,2,2,50,3,0
609,0,3,4,2051,1,1,3,33,3,1
610,0,3,2,1300,0,4,3,45,3,1
611,1,3,5,741,2,0,2,22,3,0
612,3,3,1,1240,2,4,2,48,2,0
613,1,3,4,3357,4,1,2,29,3,1
614,1,2,2,3632,1,2,2,22,3,1
615,0,4,3,1808,1,3,2,22,3,0
616,2,1,10,12204,0,2,3,48,4,1
617,2,4,4,9157,0,2,3,27,4,1
618,1,5,1,3676,1,2,3,37,3,1
619,2,3,3,3441,2,2,2,21,3,0
620,0,3,1,640,1,2,1,49,2,1
621,2,5,10,3652,1,3,3,27,3,1
622,0,5,1,1530,1,2,3,32,3,0
623,0,3,10,3914,0,2,1,38,3,0
624,1,3,3,1858,1,1,2,22,3,1
625,1,3,4,2600,1,2,3,65,3,0
626,0,3,4,1979,0,4,3,35,3,1
627,3,3,3,2116,1,2,3,41,3,1
628,2,2,1,1437,2,3,3,29,3,0
629,0,5,3,4042,3,2,3,36,3,1
630,0,3,7,3832,0,4,3,64,2,1
631,1,3,4,3660,1,2,2,28,3,1
632,1,2,3,1553,1,2,3,44,3,0
633,2,3,4,1444,0,1,3,23,3,1
634,0,3,3,1980,1,1,2,19,3,0
635,2,3,1,1355,1,1,2,25,2,0
636,0,3,7,1393,1,4,3,47,3,1
637,0,3,4,1376,3,3,2,28,3,1
638,0,4,4,15653,1,3,3,21,3,1
639,0,3,4,1493,1,1,2,34,3,1
640,1,4,4,4370,1,3,3,26,3,0
641,1,3,7,750,1,0,2,27,1,0
642,2,3,6,1308,1,4,3,38,2,1
643,0,3,7,4623,2,2,3,40,4,0
644,0,5,4,1851,1,3,4,33,3,1
645,1,5,4,1880,1,3,4,32,4,1
646,0,4,10,7980,0,1,3,27,3,0
647,1,1,3,4583,1,2,1,32,3,1
648,0,3,1,1386,3,2,2,26,3,0
649,3,3,1,947,1,3,3,38,3,0
650,1,3,7,684,1,2,3,40,2,0
651,1,3,7,7476,1,3,3,50,4,1
652,2,3,3,1922,1,2,3,37,2,0
653,1,3,1,2303,1,4,3,45,3,0
654,2,4,1,8086,2,4,3,42,4,0
655,0,5,2,2346,1,3,3,35,3,1
656,1,3,1,3973,1,0,3,22,3,1
657,2,3,1,888,1,4,3,41,2,0
658,0,3,4,10222,0,3,3,37,3,1
659,2,1,10,4221,1,2,2,28,3,1
660,2,5,3,6361,1,4,3,41,3,1
661,3,3,4,1297,1,2,4,23,3,1
662,1,3,1,900,0,2,4,23,3,0
663,0,3,3,2241,1,4,3,50,3,1
664,2,4,3,1050,1,0,3,35,4,1
665,3,5,7,1047,1,2,2,50,2,1
666,0,5,0,6314,1,0,3,27,4,1
667,2,2,3,3496,4,2,3,34,3,1
668,0,2,10,3609,1,2,2,27,3,1
669,1,5,1,4843,1,4,3,43,3,0
670,3,5,4,3017,1,4,3,47,3,1
671,0,5,10,4139,2,2,3,27,2,1
672,0,3,10,5742,2,3,3,31,3,1
673,0,3,1,10366,1,4,3,42,4,1
674,0,5,1,2080,3,2,4,24,3,1
675,0,4,10,2580,3,1,3,41,2,0
676,0,5,4,4530,1,3,2,26,4,1
677,0,5,3,5150,1,4,3,33,3,1
678,2,3,4,5595,2,2,4,24,3,0
679,1,3,4,2384,1,4,3,64,2,1
680,0,3,4,1453,1,1,2,26,3,1
681,0,3,7,1538,1,1,2,56,3,1
682,0,3,4,2279,0,2,3,37,3,1
683,0,4,4,1478,1,2,4,33,3,1
684,0,5,4,5103,1,1,4,47,3,1
685,2,4,10,9857,2,3,3,31,2,1
686,0,3,1,6527,0,2,3,34,3,1
687,3,5,4,1347,0,3,3,27,3,1
688,2,4,1,2862,2,4,3,30,3,1
689,0,3,4,2753,2,4,3,35,3,1
690,1,3,1,3651,4,2,3,31,3,1
691,1,5,3,975,1,2,1,25,3,1
692,2,3,6,2631,2,2,2,25,2,1
693,2,3,4,2896,2,1,3,29,3,1
694,1,5,1,4716,0,1,3,44,2,1
695,0,3,4,2284,1,3,3,28,3,1
696,0,3,2,1236,3,2,3,50,3,1
697,2,3,4,1103,1,3,3,29,3,1
698,0,5,1,926,1,0,2,38,1,1
699,0,5,4,1800,1,2,3,24,3,1
700,3,3,7,1905,1,4,3,40,4,1
701,0,3,3,1123,3,2,2,29,2,0
702,1,5,2,6331,1,4,3,46,3,0
703,3,3,4,1377,2,4,2,47,3,1
704,2,4,10,2503,2,4,3,41,3,1
705,2,3,10,2528,1,1,2,32,3,1
706,0,3,1,5324,3,4,2,35,3,1
707,2,3,1,6560,2,3,3,24,3,0
708,2,1,3,2969,1,1,2,25,3,0
709,2,3,4,1206,1,4,2,25,3,1
710,2,3,4,2118,1,2,3,37,2,1
711,0,5,4,629,3,4,3,32,4,1
712,1,2,7,1198,1,4,2,35,3,0
713,0,3,2,2476,0,4,3,46,4,1
714,1,5,4,1138,1,2,3,25,2,1
715,2,3,1,14027,1,3,3,27,4,0
716,0,5,2,7596,0,4,3,63,3,1
717,0,5,4,3077,0,4,3,40,3,1
718,0,3,4,1505,1,2,3,32,4,1
719,3,5,4,3148,0,2,3,31,3,1
720,2,1,2,6148,2,4,4,31,3,1
721,3,1,4,1337,1,1,3,34,4,0
722,2,2,7,433,4,1,2,24,3,0
723,1,3,1,1228,1,2,2,24,2,0
724,2,3,4,790,3,2,2,66,2,1
725,0,3,1,2570,1,2,2,21,3,0
726,0,5,1,250,4,2,2,41,2,1
727,0,5,4,1316,3,2,4,47,2,1
728,1,3,4,1882,1,2,2,25,3,0
729,2,2,10,6416,1,4,2,59,3,0
730,3,5,10,1275,4,2,1,36,3,1
731,2,4,4,6403,1,1,3,33,3,1
732,1,3,4,1987,1,2,3,21,2,0
733,2,3,4,760,1,3,2,44,2,1
734,0,3,2,2603,4,2,2,28,3,1
735,0,5,1,3380,1,3,2,37,3,1
736,2,2,5,3990,0,1,2,29,1,1
737,2,3,2,11560,1,2,2,23,4,0
738,1,3,1,4380,2,2,3,35,2,1
739,0,5,1,6761,1,3,3,45,4,1
740,2,1,10,4280,2,2,2,26,2,0
741,1,2,1,2325,2,3,3,32,3,1
742,2,2,4,1048,1,2,3,23,2,1
743,0,3,4,3160,0,4,3,41,3,1
744,1,2,3,2483,3,2,3,22,3,1
745,1,5,3,14179,0,3,3,30,4,1
746,1,5,10,1797,1,1,3,28,2,1
747,1,3,1,2511,1,0,2,23,3,1
748,1,3,1,1274,1,1,2,37,2,0
749,0,3,2,5248,0,2,3,26,3,1
750,0,3,2,3029,1,3,3,33,3,1
751,1,3,3,428,1,4,2,49,3,1
752,1,3,1,976,1,1,2,23,2,0
753,2,3,10,841,2,3,2,23,2,1
754,0,5,4,5771,1,3,2,25,3,1
755,0,4,6,1555,4,4,3,55,3,0
756,1,3,1,1285,0,3,2,32,3,0
757,3,5,1,1299,1,2,3,74,1,1
758,3,5,4,1271,0,2,3,39,3,0
759,0,3,1,1393,1,2,3,31,3,1
760,1,5,1,691,1,4,3,35,3,0
761,0,5,1,5045,0,4,2,59,3,1
762,1,5,3,2124,1,2,2,24,3,0
763,1,3,4,2214,1,2,3,24,2,1
764,0,5,1,12680,0,4,3,30,4,0
765,0,5,1,2463,2,3,4,27,3,1
766,2,3,4,1155,1,4,4,40,2,1
767,1,3,3,3108,1,1,1,31,2,0
768,0,3,2,2901,0,1,2,31,3,1
769,2,5,3,3617,1,4,3,28,3,1
770,0,5,4,1655,1,4,3,63,2,1
771,1,3,2,2812,0,4,2,26,3,1
772,1,5,7,8065,1,2,2,25,4,0
773,0,5,2,3275,1,4,3,36,4,1
774,0,5,4,2223,2,4,3,52,3,1
775,3,5,1,1480,3,0,3,66,1,1
776,1,3,1,1371,0,2,2,25,3,0
777,0,5,1,3535,1,3,3,37,3,1
778,1,3,4,3509,1,3,2,25,3,1
779,0,5,2,5711,4,4,3,38,4,1
780,2,3,6,3872,1,0,2,67,3,1
781,2,5,4,4933,1,3,3,25,3,0
782,0,5,1,1940,4,4,3,60,3,1
783,2,1,9,1410,1,2,3,31,2,1
784,2,3,1,836,2,1,2,23,2,0
785,2,3,2,6468,0,0,1,60,4,1
786,2,3,10,1941,4,2,3,35,2,1
787,0,3,4,2675,3,4,3,40,3,1
788,0,5,2,2751,0,4,3,38,3,1
789,2,4,7,6224,1,4,3,50,3,0
790,1,5,7,5998,1,2,3,27,3,0
791,2,3,10,1188,1,4,2,39,3,0
792,0,3,2,6313,0,4,3,41,4,1
793,0,5,3,1221,0,2,4,27,3,1
794,3,3,3,2892,1,4,1,51,3,1
795,0,3,3,3062,3,4,3,32,3,1
796,0,3,3,2301,2,1,2,22,3,1
797,1,3,2,7511,0,4,3,51,3,0
798,0,5,3,1258,1,1,2,22,2,1
799,0,4,1,717,0,4,4,54,3,1
800,2,3,1,1549,0,1,3,35,1,1
801,0,5,7,1597,1,4,3,54,3,1
802,2,5,4,1795,1,4,2,48,2,1
803,1,5,3,4272,1,4,2,24,3,1
804,0,5,4,976,0,4,3,35,3,1
805,2,3,1,7472,0,0,2,24,1,1
806,1,3,1,9271,1,3,3,24,3,0
807,2,3,4,590,1,1,4,26,2,1
808,0,5,4,930,0,4,3,65,3,1
809,2,2,2,9283,1,0,3,55,4,1
810,2,1,1,1778,1,1,2,26,1,0
811,2,3,10,907,1,1,4,26,3,1
812,2,3,4,484,1,3,4,28,2,1
813,1,5,2,9629,1,3,3,24,3,0
814,1,3,5,3051,1,2,3,54,3,0
815,1,3,1,3931,1,3,3,46,3,0
816,2,4,1,7432,1,2,2,54,3,1
817,0,3,5,1338,3,2,1,62,3,1
818,0,5,4,1554,1,3,2,24,3,1
819,1,3,0,15857,1,0,1,43,4,1
820,1,3,4,1345,1,2,4,26,3,0
821,0,3,1,1101,1,2,4,27,3,1
822,3,3,4,3016,1,2,4,24,3,1
823,1,3,3,2712,1,4,3,41,3,0
824,1,5,1,731,1,4,3,47,2,1
825,0,5,3,3780,1,1,1,35,4,1
826,1,5,1,1602,1,4,4,30,3,1
827,1,5,1,3966,1,4,2,33,3,0
828,0,1,10,4165,1,2,3,36,3,0
829,1,3,2,8335,0,4,3,47,3,0
830,2,4,10,6681,0,2,3,38,3,1
831,0,4,10,2375,3,2,3,44,3,1
832,1,3,1,1216,1,1,2,23,3,0
833,1,1,10,11816,1,4,3,29,3,0
834,2,3,4,5084,0,4,2,42,3,1
835,3,3,4,2327,1,1,2,25,2,0
836,1,1,1,1082,1,2,3,48,3,0
837,0,3,4,886,0,2,2,21,3,1
838,0,3,3,601,1,1,2,23,2,1
839,1,5,2,2957,1,4,3,63,3,1
840,0,5,4,2611,1,4,4,46,3,1
841,1,3,3,5179,1,3,3,29,3,0
842,0,4,2,2993,1,2,3,28,2,1
843,0,3,6,1943,1,1,2,23,3,0
844,0,2,10,1559,1,3,3,50,3,1
845,0,3,3,3422,1,4,3,47,3,1
846,2,3,3,3976,0,3,3,35,3,1
847,0,3,1,6761,0,2,3,68,3,0
848,0,3,1,1249,1,1,4,28,3,1
849,1,3,4,1364,1,3,3,59,3,1
850,1,3,4,709,1,4,3,57,2,0
851,1,5,1,2235,1,2,4,33,3,0
852,0,5,2,4042,0,3,3,43,3,1
853,0,5,4,1471,1,2,3,35,3,1
854,1,2,1,1442,1,3,3,32,2,0
855,0,4,1,10875,1,4,3,45,3,1
856,0,3,1,1474,2,1,4,33,3,1
857,0,3,9,894,0,3,2,40,3,1
858,0,5,3,3343,1,2,3,28,3,1
859,1,3,1,3959,1,2,2,29,3,0
860,0,3,1,3577,2,2,3,26,3,1
861,0,5,2,5804,4,2,3,27,3,1
862,0,4,10,2169,1,2,4,28,3,0
863,1,3,4,2439,1,1,2,35,3,0
864,0,5,3,4526,4,1,3,32,2,1
865,0,3,3,2210,1,2,3,25,2,0
866,0,3,3,2221,3,2,2,20,3,1
867,1,3,4,2389,1,1,2,27,3,1
868,0,5,3,3331,1,4,3,42,3,1
869,0,3,10,7409,0,4,3,37,3,1
870,1,3,3,652,1,4,2,24,3,1
871,0,4,3,7678,3,3,2,40,3,1
872,3,5,1,1343,1,4,3,46,3,1
873,1,5,10,1382,2,3,3,26,3,1
874,0,3,5,874,0,1,2,24,3,1
875,1,3,3,3590,1,2,3,29,2,1
876,2,5,1,1322,4,2,2,40,3,1
877,1,2,4,1940,1,1,3,36,4,1
878,0,3,4,3595,1,4,3,28,3,1
879,1,3,1,1422,1,1,3,27,4,0
880,0,5,4,6742,0,3,3,36,3,1
881,0,3,2,7814,1,3,3,38,4,1
882,0,3,2,9277,0,2,1,48,3,1
883,2,5,1,2181,0,4,3,36,3,1
884,0,5,4,1098,1,0,2,65,1,1
885,2,3,3,4057,1,3,1,43,3,0
886,1,3,7,795,1,1,2,53,3,0
887,2,5,10,2825,0,3,3,34,3,1
888,2,3,10,15672,1,2,3,23,3,0
889,0,5,1,6614,1,4,3,34,4,1
890,0,2,2,7824,0,1,3,40,3,1
891,1,5,10,2442,1,4,3,43,4,1
892,0,5,4,1829,1,4,3,46,3,1
893,1,5,1,2171,1,2,3,38,2,1
894,2,5,2,5800,1,2,3,34,3,1
895,0,5,4,1169,0,2,3,29,3,1
896,0,4,2,8947,0,3,3,31,4,1
897,1,3,4,2606,1,1,2,28,4,1
898,0,5,3,1592,4,3,2,35,3,1
899,0,3,3,2186,0,3,2,33,2,1
900,1,3,3,4153,1,2,3,42,3,0
901,1,5,1,2625,1,4,3,43,3,0
902,0,5,1,3485,0,1,1,44,3,1
903,0,5,2,10477,0,4,3,42,3,1
904,0,3,4,1386,0,2,4,40,3,1
905,0,3,4,1278,1,4,3,36,4,1
906,1,3,4,1107,1,2,3,20,4,1
907,1,3,1,3763,0,3,3,24,2,1
908,2,3,7,3711,0,2,4,27,3,1
909,0,4,2,3594,1,1,2,46,2,1
910,2,3,1,3195,0,2,2,33,2,1
911,0,4,4,4454,1,2,2,34,3,1
912,2,5,3,4736,1,1,2,25,2,0
913,2,3,4,2991,0,4,2,25,3,1
914,0,3,10,2142,4,4,1,28,3,1
915,1,2,10,3161,1,2,3,31,3,0
916,2,1,0,18424,1,2,2,32,4,0
917,0,3,2,2848,2,2,3,32,3,1
918,1,3,1,14896,1,4,3,68,4,0
919,1,3,3,2359,2,0,1,33,3,0
920,1,3,3,3345,1,4,3,39,4,0
921,0,5,3,1817,1,2,2,28,3,1
922,0,4,4,12749,3,3,3,37,4,1
923,1,3,4,1366,1,1,2,22,3,0
924,2,3,1,2002,1,3,3,30,3,1
925,1,2,3,6872,1,1,1,55,3,0
926,1,2,1,697,1,1,3,46,3,0
927,1,5,3,1049,1,1,2,21,3,1
928,1,3,2,10297,1,3,3,39,3,0
929,0,3,4,1867,0,4,3,58,3,1
930,1,4,1,1344,1,2,3,43,2,1
931,1,3,3,1747,1,1,3,24,2,1
932,2,3,4,1670,1,1,2,22,3,0
933,0,5,1,1224,1,2,3,30,3,1
934,0,5,4,522,3,4,3,42,3,1
935,1,3,4,1498,1,2,2,23,3,1
936,2,4,4,1919,2,1,3,30,4,0
937,3,3,4,745,1,2,2,28,2,0
938,2,3,4,2063,1,1,4,30,4,1
939,2,3,7,6288,1,2,3,42,3,0
940,0,5,2,6842,0,2,3,46,4,1
941,0,3,1,3527,0,1,3,45,4,1
942,0,3,1,1546,1,2,3,31,2,1
943,0,3,3,929,0,3,3,31,3,1
944,0,5,1,1455,1,3,3,42,2,1
945,1,3,3,1845,1,1,2,46,3,1
946,2,1,1,8358,3,1,2,30,3,1
947,1,2,3,3349,3,1,3,30,3,0
948,0,3,1,2859,0,0,3,38,4,1
949,0,3,3,1533,1,1,4,43,2,0
950,0,3,4,3621,2,4,3,31,3,0
951,2,5,10,3590,1,0,4,40,1,1
952,1,4,10,2145,1,3,3,24,3,0
953,2,3,2,4113,3,1,2,28,3,0
954,0,3,3,10974,1,0,2,26,4,0
955,1,3,1,1893,1,2,2,29,3,1
956,1,5,4,1231,4,4,2,57,4,1
957,3,5,4,3656,0,4,3,49,2,1
958,2,5,4,1154,1,4,3,37,2,1
959,1,3,1,4006,1,2,3,45,2,0
960,2,3,3,3069,2,4,3,30,3,1
961,0,5,4,1740,1,4,4,30,3,1
962,2,4,1,2353,1,2,1,47,3,1
963,0,3,1,3556,0,2,3,29,3,1
964,0,3,4,2397,3,4,3,35,3,0
965,2,3,6,454,1,1,4,22,2,1
966,2,3,4,1715,0,2,2,26,3,1
967,2,5,4,2520,3,2,3,23,2,0
968,0,3,4,3568,1,4,2,54,4,1
969,0,3,4,7166,0,3,4,29,3,1
970,1,5,1,3939,1,2,3,40,2,1
971,2,3,6,1514,2,2,3,22,3,1
972,0,3,1,7393,1,2,3,43,2,1
973,1,2,1,1193,1,0,2,29,1,0
974,1,3,10,7297,1,4,3,36,3,0
975,0,5,4,2831,1,2,2,33,3,1
976,3,3,4,1258,3,2,2,57,2,1
977,2,3,4,753,1,2,2,64,3,1
978,2,4,10,2427,0,4,3,42,3,1
979,0,4,1,2538,1,4,3,47,2,0
980,2,2,1,1264,2,2,4,25,3,0
981,2,5,3,8386,1,3,3,49,3,0
982,0,3,10,4844,1,0,3,33,4,0
983,3,3,1,2923,2,2,2,28,4,1
984,1,3,2,8229,1,2,3,26,3,0
985,0,5,3,2028,1,3,3,30,2,1
986,1,5,3,1433,1,2,2,25,3,1
987,3,1,10,6289,1,1,1,33,3,1
988,0,3,4,1409,2,0,2,64,3,1
989,1,3,2,6579,1,0,3,29,4,1
990,2,5,4,1743,1,4,3,48,2,1
991,0,5,7,3565,0,1,3,37,2,1
992,0,2,4,1569,2,4,3,34,2,1
993,1,3,4,1936,0,3,4,23,2,1
994,1,3,3,3959,1,0,3,30,4,1
995,0,3,1,2390,0,4,3,50,3,1
996,0,3,3,1736,1,3,2,31,2,1
997,1,3,2,3857,1,2,1,40,4,1
998,0,3,4,804,1,4,3,38,3,1
999,1,3,4,1845,1,2,3,23,3,0
1000,2,5,2,4576,2,0,3,27,3,1
